{
    "0": {
        "widths": [
            3.0
        ],
        "damps": [
            0.1
        ]
    },
    "1": {
        "widths": [
            3.0
        ],
        "damps": [
            0.11666666666666667
        ]
    },
    "2": {
        "widths": [
            3.0
        ],
        "damps": [
            0.13333333333333333
        ]
    },
    "3": {
        "widths": [
            3.0
        ],
        "damps": [
            0.15000000000000002
        ]
    },
    "4": {
        "widths": [
            3.0
        ],
        "damps": [
            0.16666666666666669
        ]
    },
    "5": {
        "widths": [
            3.0
        ],
        "damps": [
            0.18333333333333335
        ]
    },
    "6": {
        "widths": [
            3.0
        ],
        "damps": [
            0.2
        ]
    },
    "7": {
        "widths": [
            4.166666666666667
        ],
        "damps": [
            0.1
        ]
    },
    "8": {
        "widths": [
            4.166666666666667
        ],
        "damps": [
            0.11666666666666667
        ]
    },
    "9": {
        "widths": [
            4.166666666666667
        ],
        "damps": [
            0.13333333333333333
        ]
    },
    "10": {
        "widths": [
            4.166666666666667
        ],
        "damps": [
            0.15000000000000002
        ]
    },
    "11": {
        "widths": [
            4.166666666666667
        ],
        "damps": [
            0.16666666666666669
        ]
    },
    "12": {
        "widths": [
            4.166666666666667
        ],
        "damps": [
            0.18333333333333335
        ]
    },
    "13": {
        "widths": [
            4.166666666666667
        ],
        "damps": [
            0.2
        ]
    },
    "14": {
        "widths": [
            5.333333333333334
        ],
        "damps": [
            0.1
        ]
    },
    "15": {
        "widths": [
            5.333333333333334
        ],
        "damps": [
            0.11666666666666667
        ]
    },
    "16": {
        "widths": [
            5.333333333333334
        ],
        "damps": [
            0.13333333333333333
        ]
    },
    "17": {
        "widths": [
            5.333333333333334
        ],
        "damps": [
            0.15000000000000002
        ]
    },
    "18": {
        "widths": [
            5.333333333333334
        ],
        "damps": [
            0.16666666666666669
        ]
    },
    "19": {
        "widths": [
            5.333333333333334
        ],
        "damps": [
            0.18333333333333335
        ]
    },
    "20": {
        "widths": [
            5.333333333333334
        ],
        "damps": [
            0.2
        ]
    },
    "21": {
        "widths": [
            6.5
        ],
        "damps": [
            0.1
        ]
    },
    "22": {
        "widths": [
            6.5
        ],
        "damps": [
            0.11666666666666667
        ]
    },
    "23": {
        "widths": [
            6.5
        ],
        "damps": [
            0.13333333333333333
        ]
    },
    "24": {
        "widths": [
            6.5
        ],
        "damps": [
            0.15000000000000002
        ]
    },
    "25": {
        "widths": [
            6.5
        ],
        "damps": [
            0.16666666666666669
        ]
    },
    "26": {
        "widths": [
            6.5
        ],
        "damps": [
            0.18333333333333335
        ]
    },
    "27": {
        "widths": [
            6.5
        ],
        "damps": [
            0.2
        ]
    },
    "28": {
        "widths": [
            7.666666666666667
        ],
        "damps": [
            0.1
        ]
    },
    "29": {
        "widths": [
            7.666666666666667
        ],
        "damps": [
            0.11666666666666667
        ]
    },
    "30": {
        "widths": [
            7.666666666666667
        ],
        "damps": [
            0.13333333333333333
        ]
    },
    "31": {
        "widths": [
            7.666666666666667
        ],
        "damps": [
            0.15000000000000002
        ]
    },
    "32": {
        "widths": [
            7.666666666666667
        ],
        "damps": [
            0.16666666666666669
        ]
    },
    "33": {
        "widths": [
            7.666666666666667
        ],
        "damps": [
            0.18333333333333335
        ]
    },
    "34": {
        "widths": [
            7.666666666666667
        ],
        "damps": [
            0.2
        ]
    },
    "35": {
        "widths": [
            8.833333333333334
        ],
        "damps": [
            0.1
        ]
    },
    "36": {
        "widths": [
            8.833333333333334
        ],
        "damps": [
            0.11666666666666667
        ]
    },
    "37": {
        "widths": [
            8.833333333333334
        ],
        "damps": [
            0.13333333333333333
        ]
    },
    "38": {
        "widths": [
            8.833333333333334
        ],
        "damps": [
            0.15000000000000002
        ]
    },
    "39": {
        "widths": [
            8.833333333333334
        ],
        "damps": [
            0.16666666666666669
        ]
    },
    "40": {
        "widths": [
            8.833333333333334
        ],
        "damps": [
            0.18333333333333335
        ]
    },
    "41": {
        "widths": [
            8.833333333333334
        ],
        "damps": [
            0.2
        ]
    },
    "42": {
        "widths": [
            10.0
        ],
        "damps": [
            0.1
        ]
    },
    "43": {
        "widths": [
            10.0
        ],
        "damps": [
            0.11666666666666667
        ]
    },
    "44": {
        "widths": [
            10.0
        ],
        "damps": [
            0.13333333333333333
        ]
    },
    "45": {
        "widths": [
            10.0
        ],
        "damps": [
            0.15000000000000002
        ]
    },
    "46": {
        "widths": [
            10.0
        ],
        "damps": [
            0.16666666666666669
        ]
    },
    "47": {
        "widths": [
            10.0
        ],
        "damps": [
            0.18333333333333335
        ]
    },
    "48": {
        "widths": [
            10.0
        ],
        "damps": [
            0.2
        ]
    }
}